1c20341af35d099cc6a4365d046bf458e8d955b2,DELETE,regular-file,data_setup/match/biopsy_tracking_ui_view.metadata.json,2169,
1ba18e8ef63da7df4dcb49bc25c0012d05d369dc,DELETE,regular-file,data_setup/match/cosmicDescription.bson,14465,
de36a82f9beb4ee2518b6fc638fdc11dcb6ee1f7,DELETE,regular-file,data_setup/match/cosmicDescription.metadata.json,95,
108b1529b4f08ed072bc155bb8d822eb2d5e8a38,DELETE,regular-file,data_setup/match/disease.bson,46034,
057a540a1a806c4dc0621deb88914369e6abfc7e,DELETE,regular-file,data_setup/match/disease.metadata.json,85,
85de46592f2d6f3ded13e0c7c83184159f381194,DELETE,regular-file,data_setup/match/irUploaderAdminObject.bson,1062,
b2a7a45189f7efc2e481f658371e31f6b7a65c15,DELETE,regular-file,data_setup/match/irUploaderAdminObject.metadata.json,99,
160682184459e8b4f311157018bd75fc49ff8130,DELETE,regular-file,data_setup/match/logging.bson,3222183,
74b084a8889ec33ba5a53950277a308a71c2c03d,DELETE,regular-file,data_setup/match/logging.metadata.json,85,
479738fea67dcb4b9b8bdb89e2e7da38840e15ae,DELETE,regular-file,data_setup/match/matchPropertiesMessage.bson,138,
de3082623d2594f661e4fa75c7bbac5838013d3c,DELETE,regular-file,data_setup/match/matchPropertiesMessage.metadata.json,100,
e69de29bb2d1d6434b8b29ae775ad8c2e48c5391,DELETE,regular-file,data_setup/match/ntcControl.bson,0,
ea67feadbb85578b0deaad3fe92267008335e235,DELETE,regular-file,data_setup/match/ntcControl.metadata.json,88,
e69de29bb2d1d6434b8b29ae775ad8c2e48c5391,DELETE,regular-file,data_setup/match/oncominePanel.bson,0,
d1bac095fdfdddd5a338ddccb3e2bfa867200698,DELETE,regular-file,data_setup/match/oncominePanel.metadata.json,91,
7f530ca2cfc1618164d54f6bb3f52ea3725d57cd,DELETE,regular-file,data_setup/match/outside_assay_variant_report_view.metadata.json,730,
e43bab088bbc88cde122fc3144c1fd80e1e42db3,DELETE,regular-file,data_setup/match/patient.bson,2243809,
d558317e07e418743cfac25e128085ab808726b8,DELETE,regular-file,data_setup/match/patient.metadata.json,845,
5f82845b11602a99a88157ee502b93b73e718189,DELETE,regular-file,data_setup/match/patient_ui_view.metadata.json,2577,
bfc785609c05fd41fe8f5845357827e3e5bd4064,DELETE,regular-file,data_setup/match/positiveControlCollection.bson,6345,
dd988eda40ccd6620c85f835cd50c246db88d90d,DELETE,regular-file,data_setup/match/positiveControlCollection.metadata.json,103,
e69de29bb2d1d6434b8b29ae775ad8c2e48c5391,DELETE,regular-file,data_setup/match/proficiencyCompetencyControl.bson,0,
7471517f910d28d3063b3411fc29a546f54a4811,DELETE,regular-file,data_setup/match/proficiencyCompetencyControl.metadata.json,106,
e69de29bb2d1d6434b8b29ae775ad8c2e48c5391,DELETE,regular-file,data_setup/match/queuedObjectData.bson,0,
c932784d66b7e5984fbebadf905b30ae14d94a88,DELETE,regular-file,data_setup/match/queuedObjectData.metadata.json,94,
e69de29bb2d1d6434b8b29ae775ad8c2e48c5391,DELETE,regular-file,data_setup/match/sampleControl.bson,0,
18e365e9c79b0e1d278b2638de90a723c708dcdc,DELETE,regular-file,data_setup/match/sampleControl.metadata.json,91,
e5cf35696de84a8cbaa3b6552ac7493134d44d57,DELETE,regular-file,data_setup/match/site.bson,3058,
2be540d2ed125cd9b979cdfdbf75f9530d990d68,DELETE,regular-file,data_setup/match/site.metadata.json,82,
0b79bfd2e7e9f7a4eaa05a4bdd9802a96f8a2bfc,DELETE,regular-file,data_setup/match/treatmentArm.bson,332484,
828a0248ed82fac5b65d51a296bc35c105d9d04f,DELETE,regular-file,data_setup/match/treatmentArm.metadata.json,198,
e69de29bb2d1d6434b8b29ae775ad8c2e48c5391,DELETE,regular-file,data_setup/match/treatmentArmHistory.bson,0,
e1105635ff7d3c8cfa489484379cff4743ffc631,DELETE,regular-file,data_setup/match/treatmentArmHistory.metadata.json,97,
c80b547d53699d2cfc9de4b090608662b62eabfd,DELETE,regular-file,data_setup/match/treatmentArmStatistics.bson,1104865,
d660c215120c578310c0dc30c41a1d79af5ec55f,DELETE,regular-file,data_setup/match/treatmentArmStatistics.metadata.json,100,
af8526aa3ead1194d8923b0a615919513cdbff03,DELETE,regular-file,data_setup/match/treatmentArms.bson,374874,
b38bc598deb1f3ebc4eb68e4a3de03654df251cf,DELETE,regular-file,data_setup/match/treatmentArms.metadata.json,91,